2025-03-02 16:33:29,buyToken,2GA7Jo1rUTRZJduHp1zasSBhfQxqvBioDH5M6BHVjzvt,1600000000,FALSE,7tRRt3rkJKajMUMG4gLaSYWzQ5YsTWQdPHFMfu59Srf3fJVQrx1jwLTxihTMCJ1QQrHwrtVmfjJCXTy3uRyqqZ7,3668499
2025-03-01 23:32:01,buyToken,F8wjwk2FENqfX3BK8hiwWj1ZSBcUfc19veLhfnd578os,3555000000,TRUE,33zYMh1QbJpAZCnXGAX9ZtjXZTe76Pv1y2QN7Hsx1wiWrLm7nBSiubSG36mV3aDaTRWhRLLCP7N8V35y9QEWvkmK,0
2025-03-01 21:32:14,buyToken,HRJxAhYrsNrM15cJEcGmRj6WHGC1tEDRbevhMkVTvsnB,100000000,TRUE,52f5cLaw4EFPJgnqKRz4nxiHFbpa88EuQ2D3geRS2CxA4cT8gbNGgak87n2vgyMegeCE4F812irUQgyM7TizDMMS,9834006
2025-03-01 15:18:39,buyToken,BcgWhCQGEW6pQsvjLh3JdKWxNdqKWh86r9EeBBoB46DU,400000000,TRUE,4wkxe6TgMPnPynAwBTDksxwUiZABhWvNgwxTCtANai6eCvUvmtLZY8BhNGqnxs3wahQKjgpGXyWbu4etkLED2jDR,0
2025-03-01 14:25:54,buyToken,GaKCm276X4ScvYxsp4YH8vUW68t4gFC7f8kgLa7A9aWK,47600000000,TRUE,45WGbS2iQiW2dPwcicJXoVxsB3dt2ycnaw8Zs3oWKwvoxF2qwnVtDGnT4tZyQNmCR2iasPWZpxCRFagRbXH3zxD8,9834006
2025-02-28 12:15:32,buyToken,BNku9eRrbgJFCzkT59cHQ7A7joefEQhVXHscdpMmM2Zx,79000000000,TRUE,5zy8yLzxpoQXDnjzrdjcvj3EMrJdpsR1z3qSSxJn7ThBQHgi67h1HGF1tNQLrq8GkUqWm6tTj8GL3qEAygRqjf2d,0
2025-02-27 17:55:14,buyToken,KPF1dHxJnxfB4e5DEffFf1N3ddCChxrCPeEvr2qQZ5v,10000000000,TRUE,4PpAFmLt9hNhLozuQJX4hjb474QbP5s7q8sRW3k8yFKWgS4qrc5qcNYSiExKkvgSwPwLde6svAG62qqtGV8iEwqQ,3668499
2025-02-26 19:16:59,buyToken,C1piLCvD8BBSKsJNRhpvnXL77jd87PfX5jpxi9ASzkoD,300000000,TRUE,3BuYG1yNytEUstepx8ojNFWjwDfZXqNGa3YLVesw7UAyG79XFcR3ZPzify1hhXDXhK6xX3X8dPDGKFX9mzRTxRPy,3668499
2025-02-26 19:16:32,buyToken,C1piLCvD8BBSKsJNRhpvnXL77jd87PfX5jpxi9ASzkoD,26680000000,TRUE,KwGEGZxZyZjMSjnm9XDLvK8qb6ywB6ToGRdYxXd75PuHV4oZTDVDeo2khzrXnCM28kiQGdNKdbsUh7u2NNcanC4,3668499
2025-02-26 17:39:49,buyToken,7ZLTvBAvX13MgNnzRWozyUdJ3L4fjxQytBeNim19YJD,2546000000,TRUE,WLWXo3rHkBnZ7Qizcste92VyjFtDfbHe2MmkpWBsXwZwWB9trbzQXhRWrNNQqu8QHGHTGWLcdi8J2mViUTnEnQj,3668499
2025-02-26 17:36:11,buyToken,C1piLCvD8BBSKsJNRhpvnXL77jd87PfX5jpxi9ASzkoD,180000000,TRUE,4yEmoauKACmoXSb1EUpVVGHxWqH7wXYAujh1ZnWFTXC9T5SYB9sfKsmMyB4UmCDaop4zdrogxB4F2r2dvjqvZMXN,3668499
2025-02-26 17:35:31,buyToken,C1piLCvD8BBSKsJNRhpvnXL77jd87PfX5jpxi9ASzkoD,13160000000,TRUE,8uzLdXRDa4mcJ5dD5cYDozXLqnAee86K9JjfQtbYxFfo6p2yVCsdBaoxJjJtcVPyZnJDPRyvB2Rg6cT2c9yiXH5,3668499
2025-02-26 16:51:08,buyToken,C1piLCvD8BBSKsJNRhpvnXL77jd87PfX5jpxi9ASzkoD,200000000,TRUE,5cUZdxg9LRQ8NhwPFaUbxe6AZM9MtF3wqaA4ectqW6rcQrdUMESjbQknwHQJDrmg5KMQW9H7z2KKM8kPgDFxZBc8,3668499
2025-02-26 16:50:38,buyToken,C1piLCvD8BBSKsJNRhpvnXL77jd87PfX5jpxi9ASzkoD,13200000000,TRUE,3Mr9YhQmvWUzPToePaUBGKeQrm3KVuWMjigHwF9UfS1YjBhD842GHgzBWXAb2uqhvaVkWELeNg55cnrtiXkNqB56,3668499
2025-02-24 21:39:17,buyToken,3CGdGzkgYTvZLtZXbCoXcEYrEsj2BUYPdFMNE7swT47s,60000000000,TRUE,3MhVkqZpe7XXpc1K8atUxykfmWNYnodsWSF9NgzRNK4qFJh8bNtq4e4VN82ASEnhpTHPTqArDh64NTFhjUKp77L5,9834006
2025-02-24 20:27:54,buyToken,7uRf5kSwizoj3bQCB2GGCy8ajvGpK22foRWmDKLehZn5,801000000,TRUE,5qGzPhft8PaVxZQ18QzG8aPyeQjiEM6CacLho18oqYMGnKZQQwovgo9XnGin18FFdRvTKwwKpWHdNTK8DZV9yGhU,3668499
2025-02-24 20:25:35,buyToken,7uRf5kSwizoj3bQCB2GGCy8ajvGpK22foRWmDKLehZn5,1001000000,TRUE,2Yg6YzGpZbPpyhR8ftmyveayqumbTNhhB5KTzmzdgX4AWThZwsZ1FZaiPGBKiw3vWa8KCByBVbDAdZUhDvmhgLqg,3668499
2025-02-24 20:21:51,buyToken,7uRf5kSwizoj3bQCB2GGCy8ajvGpK22foRWmDKLehZn5,145000000,TRUE,5ytL2DQYca847nrpr4F52tbDZo5gE8tKRAYdsLtabUPGPQiFjndks46TVxLUsGNxp1LryG5hthaq9fvdcApSkd7u,3668499
2025-02-24 20:12:32,buyToken,7uRf5kSwizoj3bQCB2GGCy8ajvGpK22foRWmDKLehZn5,47000000,TRUE,4oHaT56MvtHxb4uK2HCNVBSjnPVcPfyAR7ruS3J5GgFbrZej9jwTYAqwfqAbJRvi86zmwhsX2QsE4so8xsZS1R5r,3668499
2025-02-24 13:51:59,buyToken,4PGrVgNmJNHCBXSZvfPvp3fRu1ftXgD1ddgqaz8iJokE,500000000,TRUE,54f1oKDMtVDDoL7JH9dpB8GCL9jd9eqKCcQwxFf9D63y4QcbPbffHpkrfmP8kp6w58ff9yKJNesHBtHsbxgPRzk1,3668499
2025-02-24 13:51:54,buyToken,4PGrVgNmJNHCBXSZvfPvp3fRu1ftXgD1ddgqaz8iJokE,500000000,TRUE,5bX6fygFPTHFnBWopcXR4nzbHMUuAGJPSg6bXGY4JjcQF3QRmhyVe28otfFdfx1aWefnkdbeioqgM57TQK1Qivtt,3668499
2025-02-24 10:51:49,buyToken,DByDJBEUEX8JTixsz4XZQ1XtricKHmRTv8YXTmteNwwe,28000000000,TRUE,4nzfSfuP7kQPmrSdGXofouVVLM16avFzUq9geJtiBMrFQCGYNuqvjL8uRkKVSNZbZFNAU2sqUc1kRKKgYLqJ1nsN,9834006
2025-02-23 18:14:55,buyToken,7uRf5kSwizoj3bQCB2GGCy8ajvGpK22foRWmDKLehZn5,400000000,TRUE,4UV45bYh4DLtoyJb3oZ2uWQ4B2oVHrWfAQPsGqyfCK6Pu2AfGriMM7v4dYAmjvbo6R6oDRhfsrkZxb57whURc4HY,3668499
2025-02-23 11:19:54,buyToken,2zqemSPkXFq1qeickUfuxgV9gMrwL1TCELUfZEVmBWSz,170000000000,TRUE,5xxqcnx4sFFK1S34scQdgrD9pf7g5zE2m2j967pGEJNPGjwp6YQeMaQT693CJmM2UJDKMXAp5vB1WxAXK3vDpw4B,3668499
2025-02-23 10:40:23,buyToken,2zqemSPkXFq1qeickUfuxgV9gMrwL1TCELUfZEVmBWSz,40000000000,TRUE,4fRccss3BuzRkioijUnc2XaGnHdjjThjJWqY89zDeVEKLbCZGw1aLo9gbinpMp2FHd42AFBP7cnFhpHSqZkLU2xm,3668499
2025-02-22 12:01:21,buyToken,GaKCm276X4ScvYxsp4YH8vUW68t4gFC7f8kgLa7A9aWK,1950000000,TRUE,tVQaHq4bthP7ncQy3zMDfBAyqgPcTVGuL4CxT66T1pYveDMvYvZdr2bgDeMxCTfjTbxAVg9cbtsMqivKoUbLKzV,9834006
2025-02-22 10:53:00,buyToken,9bXDRTfAEeZtS5KgcmmU3gJghDexhqQtskXV4be7CdXs,1300000000,FALSE,2dhFN3kPBgSuSojntgJKB4hCksYNjuJjNpDu4DubvXmkirNLXBH8bq1iemMNsfdtBd7ijosgdZ3pYd1eobL4AmSp,0
2025-02-21 07:18:32,buyToken,E2w6fYQZ9tzfWSeFFh22mNjZcuz1YbiBpVbxhnVfyAdC,5000000000,TRUE,39oksEHxQkdRCC6B8R5WMCVTdyrfVSg8B6KBm7wnHNKDF7wAsBEC3Do5DEUdhxFkT2RpHv3VZpQagV2GtHW2qFbr,3668499
2025-02-20 20:21:02,buyToken,C1piLCvD8BBSKsJNRhpvnXL77jd87PfX5jpxi9ASzkoD,340000000,TRUE,3M2Ub7ZyshgL1payvA49kXUNBwDaqLUZDg44BGArZ1rhrW3cmvhre3bDznVTo9tMZ3Kg2D8xLUAsfVJQPcJ49mP9,3668499
2025-02-20 13:43:01,buyToken,C1piLCvD8BBSKsJNRhpvnXL77jd87PfX5jpxi9ASzkoD,10000000,TRUE,tB4hQRuQysyJFAUYrMWJxiyjDKwvwz68kcMvXV7kfhKFWwKKuggH5fDiMrHf7Ky9eGkC6JEJ73mKsspJY5oXE9M,3668499
2025-02-20 13:40:48,buyToken,C1piLCvD8BBSKsJNRhpvnXL77jd87PfX5jpxi9ASzkoD,70000000,TRUE,MXRAo7HNybFq2moeAftoot63j9QJK4W7HVF5GPzLF2MGbaKxWMJcDY97xX1j9k4rqdhjRF1PeoSUMnRaRWFVZtZ,3668499
2025-02-20 13:39:41,buyToken,C1piLCvD8BBSKsJNRhpvnXL77jd87PfX5jpxi9ASzkoD,400000000,TRUE,BcB17CioNdSr6b4o3pcF4iDFy9ga1LX4HP5g2WNmPkKZ9kU2S1nxqqVanscvUJ4YU12ZWPYbppnrHrruJeZJnWQ,3668499
2025-02-20 10:44:35,buyToken,2GA7Jo1rUTRZJduHp1zasSBhfQxqvBioDH5M6BHVjzvt,1500000000,FALSE,JBsvtWYEhHCufbBj3pGDqriCpad5uATsWoxfvzxvVqsNCDdrohk665E4J3p4vBKrkQtkx8yo36ZVp4dR9EtFBcy,3668499
2025-02-20 09:26:47,buyToken,EPyNUHSqesMTSfJWc8gy8vRk6eymJFcFhS3irYLKwsip,1360000000,TRUE,5ZLD6hVq95zPpnFpWqiVXd8xMSjXNaqUdzGrVoP3j66ktwkd879H5HPv8S2ArQHCuHAwiQLARRuzhDkf3vBuhXpd,6665538
2025-02-20 09:23:41,buyToken,EPyNUHSqesMTSfJWc8gy8vRk6eymJFcFhS3irYLKwsip,127000000000,TRUE,3T1C8JGK7aSeDzU9xWvRRcvZmWKwa3tiyLEYrQphGBC7YFae4mNGuGr3DEvxGXdyYxDg5w7NZxd6DvUVWBumtbmA,6665538
2025-02-20 03:44:22,buyToken,2o5rPSoCxRRjuUauFGZSyLbYTPyz2Vvt3fHKV8GYhR4m,100000000,TRUE,4r61zVncqPmx77NwE8MK4uxb1hu1K6TeiLVBe2o73vrQT1rsqyfMrD62SFmHLw3ombcSArojyitQEDLmcGWvtXPg,3668499
2025-02-19 15:35:01,buyToken,C1piLCvD8BBSKsJNRhpvnXL77jd87PfX5jpxi9ASzkoD,100000000,TRUE,2oAJtrXo2eC3RKwcE5TuqHURLBenH8SJkVHTUZx6qtA6bpFsZW2cJMDyQymcuL2f2utYa6iNAkMCFMwAp2NCM4Dr,3668499
2025-02-19 15:34:16,buyToken,C1piLCvD8BBSKsJNRhpvnXL77jd87PfX5jpxi9ASzkoD,4000000000,TRUE,2V62EXcQwBXE3cSZY9Xws8j2b7dnRjR9tZCoTEiyRo9UZngUJ33pwKRQMQrwiD4grgbjWTHyuTXPn3JkE3NyxdN1,3668499
2025-02-19 05:07:35,buyToken,KPF1dHxJnxfB4e5DEffFf1N3ddCChxrCPeEvr2qQZ5v,10000000000,TRUE,555sgLgaiUFkyzdZGguJNxSGy1b6rASZgb8i16MV3U4mCBkBhoGZuAj5Q8yJQC7N1x6pNNn5ZYM6qo8MRfkjtDc,3668499
2025-02-19 04:30:14,buyToken,2zqemSPkXFq1qeickUfuxgV9gMrwL1TCELUfZEVmBWSz,11111000000,TRUE,2wbAzwZ2pE1Atz9rwyzDk5T9pexs29cRCbNGyYm7KXQxMtQbxXzSfD9w5uSyR9tucehidXWbxRimhEx8dpLL1UVE,3668499
2025-02-18 21:02:13,buyToken,6WHU8bQDpFW8jrmq5uf3prSy8u6mhCoCmYWK4k3sDWTt,12000000000,TRUE,26o3zSbxpvygb1iVyE7B2yreABA8ssttsfycc1mWtNHDsMUjxXekaaXFVH9zwRb2QnXvkRmXN338yCtpNqMhsc4V,3668499
2025-02-18 15:12:07,buyToken,Ew8Vau7EFiL2yGKhmBygGWKux2Si8Y7CAe4xS6sKzAAr,19960000000,TRUE,4PXFkqanU3PLwMKJvU1ehu3MXqTfPMG52UyAkzho7CJpVKPKqCboW6TiJzPoQvinXmQr58hGgaDXfCdnprGBEAgm,3668499
2025-02-18 14:09:46,buyToken,5c5QnnvE8n5uYaMxHrGhNU3RpfN2iuAbHxrvXcGBmg9C,40000000,TRUE,m1QAYuMEQgskACKaQ7KDMd8kKpwuGe84xmDp6Vjo96A4AD1ziqJzzQaxrzq1xkKrHjzKpaB6GUbVew8PEJ7KDwA,9834006
2025-02-18 14:08:01,buyToken,En2rYzCSvygQHEPH1tUfTzA7yJqqQBNxMTXCHGjVPRPr,70000000,TRUE,4rqEe797o44GJSon1kspmRZT8cHp8c21124pFC7sdvNdPefwJ8Hw5VXghBme6bJVcDQ5YSXhx15j5T6nWAAWFBre,9834006
2025-02-18 14:06:34,buyToken,En2rYzCSvygQHEPH1tUfTzA7yJqqQBNxMTXCHGjVPRPr,5150000000,TRUE,RzJ4uViL64T5ajwf9M8AL9YVjwqUyw6ZDV8uzfSzUghiEyrTJVs4VeqTig6LRx1HjgpW5Wjz6GfX2AHbbAPgUja,9834006
2025-02-17 21:59:16,buyToken,DJf1roAsb3WNKb5dvWHCmMJmXLTcg1fQkiEmyA4Wax4F,3980000000,TRUE,2ZfNDBDDL8mbF4LmcARaxsiyx7Jskv7Rfzsk7YbpjSkVkbmE794tVw375tHiZMAoH4t5iKm3ssDPA2w4pnuHPMGT,0
2025-02-17 15:56:39,buyToken,GXU3Vi3eA5eThrbUPeP1CpLW47WzhaRzsXKMD6oQJSp7,1000000000,TRUE,4JrsJPUxVx6XYsvqvLQ3fvgabpugWe2THWPkeoC2ZxyxrgxWK5Q6eQsdhSTfrtZ6RnQ3a2JBLS94HQfhNLrVxsN8,3668499
2025-02-17 15:56:05,buyToken,GXU3Vi3eA5eThrbUPeP1CpLW47WzhaRzsXKMD6oQJSp7,1000000000,TRUE,54AUq41WYLyfK5pZHrPxGpEWS5f7LXkKBL7eVSRX4uKhTyivLe5UiwYRKBUhUZvkQmMAnfKZoFuRHcLeFGqN8Mqv,3668499
2025-02-17 15:54:33,buyToken,GXU3Vi3eA5eThrbUPeP1CpLW47WzhaRzsXKMD6oQJSp7,27000000,TRUE,4gRELSk7d8TCPrCppDmScE5AKAXa6aYChpvG25bk5TaB2W4q55ah12imbq8iDRVJ94q4g5w7DEWGVWxvEiAkYbBD,3668499
2025-02-17 15:21:46,buyToken,7Hz84zzXjX8kyhEA57GroK9W1GJxK1H9cUfGaJsz8Uxh,5500000000,TRUE,2k2SbuHctTKiiYRaocXDTRTMVmVHEoH6FXvQ9TPHN4GkhvLRabia3ZvR6JDwVTXTXpANJ5PJKDbqJnaoH4BScn3t,3668499
2025-02-17 13:21:28,buyToken,AsnLvuP73HZWmxq28tquda3R6wGALke7NqcC9q7f5jv1,8000000000,TRUE,2dGV33tpdkFywX16s5mn9ATaeHiivMNAdM7at1zXDVu2yV9Hxk8qi3gDe1GckCRgg4m4wqzFR7UJo8ZHUSy1SXAW,3668499
2025-02-17 12:06:12,buyToken,kjZviWoRSUDJWZZKgyD5RwsHbZcrkur3NTNuUnYm3Eu,4000000000,TRUE,2pvynHmo3Sv6be1uwrkSCJMs2bevKueteqLM2wN282qmLKZURWxTAs6ZkufDKDqNREmfTwZNhn7uZyP7TPVfCWkP,3668499
2025-02-17 11:32:40,buyToken,6humQaYsqKMst6schpSysTT22szHHZiH9KVysmcjC4nk,2500000000,TRUE,9GeSu6vYpfYyUh6e6iwi4e2uQ5PYFdw7S8vVscK9V3yWRrjQT7nbbJYZTTUyHteDRCCecpRVg8maA2vPrJs1gVu,0
2025-02-17 11:03:46,buyToken,CqmfUCQa3kAEg3cHwhQEvjNK2kzkzFyG4xgChQzv6kNU,600000000,TRUE,3D1d65QacKLumpGGaq51HRAGc2oYHPoarkNaipaxz7Semw5sh5tKNNm3monER8VQUPo8qJsdxmhQsareikcUiAGf,3668499
2025-02-17 11:01:22,buyToken,CqmfUCQa3kAEg3cHwhQEvjNK2kzkzFyG4xgChQzv6kNU,15000000,TRUE,FvRkxzcC1ncLo9FxaPCcaFnNsBytkSAfWHhokYBm3PQzm658ctqoTumJkqZwxL5v39TL5YNZCuaHMBHohjFoWxg,3668499
2025-02-17 04:43:14,buyToken,3p8DjsmkzcudPBsEWrjBb5mkVVzkuPg5LeCQa7o1i91S,800000000,FALSE,5DkeyuscXkgR5LhkwfxAdC2WZwZQJ8Mguh9FZKSmSDgcinJxcXd1HMW1P9t7qxJMtpYcHxFg4gACfvFXU2ecS7F9,3668499
2025-02-17 04:26:38,buyToken,3vpA22u6KvUfgvBY38SdccYqd2z1tR5fYS4kXVkAxXm3,560000000,TRUE,3qh3ow78gwhsJLW7PzWczbLZq9n1KtzRQ8XkzN157cjAEugiFPF4iPABfLWuURbsmD1ZoUPJtayMCHZfYXJXLBEo,3668499
2025-02-17 03:25:49,buyToken,GXrJhWmAaDphVfbC14A3v3uEgzo3kPmdaR8yYJTRQgVC,3890000000,TRUE,2SZezre1uvsoxZQ5ocn6mpuiPyBWzxUxevM4pHTsSgcWW3hSQoJYcd3PpNgodrjtm7kpVc1tMhDbm8YgbPWKrZYN,3668499
2025-02-16 23:45:10,buyToken,CtFZEMu63qn4bN7CeDQZE9XPbbmTeFMpa7jjbBarYqLN,4650000000,FALSE,2PNB7DjN5FsxgGSnSDxmPaWK1nMwBpfPdpRV2CASvYdA1HeshxeHNXdvxSmMspDY8JCjQxrXJ8TgruRi8otnnH5i,0
2025-02-16 21:47:46,buyToken,5BeGYvZrh8knLPt5cGySLoiXBrhcGfZj3NX2kXSrchPr,10000000000,FALSE,3XBdtQVsv2sGSpK33rqnYFPkvDCamAdvvvMsBgERsvYZYJm8PtWbPZ4w82W9MdV4d2kMZbUnKyvfqp7487AuSEGE,3668499
2025-02-16 21:39:11,buyToken,24YxiFQ1gzt4T85Y9MxDGmxzjextJo4Bhymy5Nxxw9jb,200000000,TRUE,4xP8UCApFv2f7PQgkeJHzB9CAdoBBFLdBCGVon3ZgfBnY8CjPyQ1wCyPrj9YjVpRhm9V4xgwQ2KEtTRgYPbLaZgY,3668499
2025-02-16 20:38:24,buyToken,5c5QnnvE8n5uYaMxHrGhNU3RpfN2iuAbHxrvXcGBmg9C,850000000,TRUE,GefYniARuSJjG44smeQ2974RSGDCcVcPHbnyqrwHpdrtqWTqBLGeBkqhjPR1hDcyS5ijCsQThpSJ71Ra8TgLHDg,9834006
2025-02-16 20:36:18,buyToken,F8UyacdAHbztQ8UnMmUTNpvbXjaNDSn8k4CkgDVbnNHh,12000000000,TRUE,2pqXsgHY4mtLpwDBgLB9qMiWY5MFjjvgQTkoZngztmdYbkwsda4P3aoEZHwVDXuEw7L31Lm1xBmffQzDrQnBjgcH,3668499
2025-02-16 20:36:07,buyToken,6Y15At3VyjDpv9dCo31ei3ydS1fbugKkskaedFBQac5i,1000000,TRUE,4hyokxdoGDNG4Fyn8eVaACMUReM11Y1uE3Ty1H97127NqvGzPs28wh2RTocb5yraAKHWnDQ5ejVbhC8ESvbhM9QD,3668499
2025-02-16 20:34:38,buyToken,35M9YCbwj8bS8cKfrTnodzwKV8r3QX4qNW8JapkCP6Ti,3300000000,TRUE,2oCZNKtQqxq4xFUkHKsnSxfwmT4TpnaPeqShzNWUUZhabJv13tFMzbqPXEzVV71tvBmMCu9z6u2j4U8UAtGhgigr,3668499
2025-02-16 20:23:54,buyToken,C1piLCvD8BBSKsJNRhpvnXL77jd87PfX5jpxi9ASzkoD,600000000,TRUE,41szNGfV4yPyrXPpsLunvyK6yNss4eptZ5x6wkZnosETZ32BgPwZ8RDvawR3JByaHr2sMMgoqTHDHXXoTff69j2H,3668499
2025-02-16 20:23:19,buyToken,C1piLCvD8BBSKsJNRhpvnXL77jd87PfX5jpxi9ASzkoD,3000000000,TRUE,5CGKTNA4L6D996tWwnFTjUQKMvD9uFjnU4BtMv6vLfs5879aVX8f9SNcETT3Lhu7HbS8cVt6BpbeD6EgDjmyTuEo,3668499
2025-02-16 20:15:48,buyToken,C1piLCvD8BBSKsJNRhpvnXL77jd87PfX5jpxi9ASzkoD,500000000,TRUE,5upfHq7EviUFeactQnqLmaZH6k3sYACDmwZfawr6Zhduz2bWhX7zzKgvgCckV2wqnao1AwPwfJXd5yPF4TYBc4Ph,3668499
2025-02-16 20:10:29,buyToken,FuphHwesQEVrmLt8rnVajjzEvBe49pi3bufpGqxpw6Fd,4001000000,FALSE,4z5QxCo2gpTvMhpxNpdWLcN1BDoYkvoNKRBehmvsnEu4KZjKYma9MGs7Phag6mLMCeufXA3ZJaf6EsjjrLQorS75,3668499
2025-02-16 19:40:08,buyToken,4Kmy8C3PoPS9jdDYUynMNiq61yiFG6w8CrM3BKEHqUwu,42500000000,TRUE,38Yfj1rGCrRRsjVrzWSrXc2VzcQrWLewMBFqUKTfRMmHjgj3987JyujxSNSTU3M5c5bhZmdvkKAh8x2BiKUyr2px,6665538
2025-02-16 19:30:21,buyToken,HCKFYyLU94S6jj3PrVtxSfYcK7RoM3QjG9K8psHqBgUh,3500000000,TRUE,3eQzbHMbifoicBrc734SSrZnGWoEUeoSVepYwVZ9RbdSyKozCUxpnV4MjXD1Z8ChykVeDEMQCoQz9mtoW5SPUiRT,3668499
2025-02-16 18:11:42,buyToken,8DHsb5Vq46rSgghH6jDm92UMRWrfJoQPQSHTAPmez9FK,3600000000,TRUE,4srkXLcA6Agbv2LeDAQ1ugXiLceV3BqKsni6pn3UTHiAf2NWEVENRY8ifndFkT78QtEp6fP2wEWgHbTscC1Zs9pv,0
2025-02-16 17:42:49,buyToken,GS8NyR3HDa7j9jHRKGr437G29CE6wVBLRpQAg6q587sx,2000000,TRUE,5RwDrDJRhQo7kKH6sRjp4cnRAEDZXNvRqQxpCAtt4XYSvtFf3oxHRHigejXZJVPn28i1ou11gn8xTGDSxG1SMLiU,3668499
2025-02-16 17:38:54,buyToken,GS8NyR3HDa7j9jHRKGr437G29CE6wVBLRpQAg6q587sx,1000000,TRUE,5qXp9Htn3B5qsxj65N74p6sdE6F23g7CtRLbnkCSbYgvTp54ahSed14CygDTyyvX3UDLGrWUrKUtrMF4z3AQeJHq,3668499
2025-02-16 17:22:01,buyToken,3DgcYGwRDMu7C8FRe1685JatHtkrLHY5vNMxncEtE8bs,10800000000,TRUE,4xvAXFXNsb8xUH4LztCMBJvNuTsfm5B2VzmYG8nbqog9ya1CXE9bJEHRBx4qU8Gas6ij7FABz6Dv2HgPNS72qNcV,3668499
2025-02-16 17:00:38,buyToken,9Aob9Rttc6ayoMAMpzbFjDrdj8R8RnyzDMMfh9EnHwSq,7600000000,TRUE,33tBWqL96smtoKwPR8RJQ6Xzt9VnWoVm9qVZDEGZMcVD9NmYY8w6dZyQgFQMHGLnoeQgk6cdcWXMqudHuxEKymPb,3668499
2025-02-16 16:44:54,buyToken,GS8NyR3HDa7j9jHRKGr437G29CE6wVBLRpQAg6q587sx,2000000,TRUE,4F91j9hB8H3sYoumAXAHuhf5RUPRnGZEizauTJ4g8Hffensqv9UsTTEEcs1eNnBdzmXEPSsghuyABrYnp8Xvc5p7,3668499
2025-02-16 16:43:35,buyToken,9Aob9Rttc6ayoMAMpzbFjDrdj8R8RnyzDMMfh9EnHwSq,600000000,TRUE,64JVSMw7VReYbNvw2pRM6rrdtFMpaui5svBU64W1uR6HmKaB9Le39DzrLjAPGhqsp4ZKvRcN4a5hXh6tPQHELi8k,3668499
2025-02-16 15:14:40,buyToken,EqjmrTaCP3H8zieSqo7g4HKPNxkzqRwbJWW9ooBePUjk,40000000000,TRUE,41cpC9AZzBeT3UpUbdJNwhFfK1R4EeJjSefuVuNGyaudbwvz1EF8u3okS8QvVYdWi71HvG1f3EProkMixHJbu5zr,3668499
2025-02-16 13:06:18,buyToken,FCCCXgfwkobjHPxFMgJqG4mjCdivY1wbu8HFRbrPEguL,800000000,TRUE,2SEFppaj1CqN9uB3tGigqa4mDAvUPKzgrtUfS5PWgQLZXSP1fxLLnE7fUWR72D5f2VVxhTT5mjLbDQ3E8QcMeA8E,0
2025-02-16 12:28:28,buyToken,yJAZ7fv6paDisgVsGoh8qHJeUcV8S3pKRBdGdSBs6Py,150000000,FALSE,4UQg7vbvDBqFxFBQbkdriZxpkDWincLbdhfgdd9PKwW7vGgyj8Qf19BSpv85sweo9jcdtvSFNJeHjZaNNAqFqBC7,3668499
2025-02-16 12:26:56,buyToken,yJAZ7fv6paDisgVsGoh8qHJeUcV8S3pKRBdGdSBs6Py,4000000,FALSE,4sJoaHpQJjNVPV6BHVUwf4XvAyVQXCd74xADmDZFY7rA8bSetBcnU9pbPqZhDJ9hejRV8nhMt1BVyP8xbPrsRkJV,3668499
2025-02-16 10:47:24,buyToken,H8B9CFcAE4KA6EShjXXfBdaHSWNGEmDwmReZ8Hgwsmer,60000000,TRUE,4NVa7UL77RQKVtjCNKoHrvYtB6CMxpMiESz3BF5z6W9B9DHe5PD29phDnV6Y2Kt4e9oUfS7GK6PDTwLcWBHSnpXA,0
2025-02-16 07:48:00,buyToken,H1GxMC6BRiEQConifmBbe2MJNNHrqWyHdMn86dLjtReP,105000000000,TRUE,CSpXugf65DK8Wim7QqSbG9T4MbghTPvBibMTpPr1AHNDX6GkPHwKzLA4y5BKYDqYY1gvk8yvpAM2xneWzi8kdBk,0
2025-02-16 07:12:59,buyToken,KPF1dHxJnxfB4e5DEffFf1N3ddCChxrCPeEvr2qQZ5v,5000000000,TRUE,4haG9ggPbXQBhrts9VDcQzeReehWLLX7o5aCqtB1Kb8rgaQHzSjpXX8SjgnhEmTTvfALh77SBqELGBBhb4TknuP7,3668499
2025-02-16 06:32:27,buyToken,F1TVeUqGcVzw2RfRjKq4ibq5jvJZpVXGCMmBnuAdbsVK,1250000000,TRUE,2pubEHjVoMjxXCKZKtKxoRhgy26NjuddzHNbdH6vAGnG5BLd1NGFw9zsS6ChgT1N8NCn3KFqJCd2pZyM9bLqpgkR,3668499
2025-02-16 06:32:23,buyToken,BrSfYV8GLDzjnj1zo54QckBtpsbNxqNZhXCtvk6HnoH2,35600000000,TRUE,2SWvADsckqenC3odjXts4wuMcr1QbMpsgjRGhJLZDf5Q7EE4pVe5rAsB3VWxtLbGtAgnpAT1nSrzdcZumYosXjph,3668499
2025-02-16 06:24:55,buyToken,D3fYv7ZRDicAdrKPgpX3wLCXq9XMkg85XZGNuMA3hLM9,2000000000,FALSE,t29J8u7Jh54xwXttW4GqfWHicii1jtU5tbuUnH7hVAoJUXD66c573bGryHzwA4Ed4YLZD5PVZBEav3MBh5YTmiB,3668499
2025-02-16 06:23:24,buyToken,2QJvnMY5CXNw8eoCa4rbNswZbGzpDp7cNWfP6LgRjE8V,1700000000,TRUE,4StjvfRe4KtUpRadD2QFoD9q9ZdR4fHH1HXeUekkRDqeh1GC2mVSoFM8eG9iwns5yPcGASw9L3EjkA4f5Mp6X9M3,3668499
2025-02-16 06:21:44,buyToken,D3fYv7ZRDicAdrKPgpX3wLCXq9XMkg85XZGNuMA3hLM9,2000000000,FALSE,nzHgz5hNNuEPzNPLxG44ezxx76Xvyf9tGEFn4qqgxWANqoJGx2uJTUjU2JQaHAkgGwGKcbGGmCr9dWTfQiREXNX,3668499
2025-02-16 06:19:51,buyToken,2QJvnMY5CXNw8eoCa4rbNswZbGzpDp7cNWfP6LgRjE8V,800000000,FALSE,2Sy1E4xZGVx7mjkHDhtRPSd7SJrTHvYFHoVfbAfTbxECjgmfVdLhuZvi7bUF2JS7hdC3zvRPShKtujdMykbZUAen,3668499
2025-02-16 06:18:32,buyToken,3p8DjsmkzcudPBsEWrjBb5mkVVzkuPg5LeCQa7o1i91S,3000000000,FALSE,2NK57HLQcCHeSCdadDVSeYgHZ2g1jYnrvqLS5tXWhfpN1WqHiaUTR5Y2EmdQk3aYSVRA6CYyqj7uPxPyifQvmqCs,3668499
2025-02-16 06:17:13,buyToken,2QJvnMY5CXNw8eoCa4rbNswZbGzpDp7cNWfP6LgRjE8V,38000000000,FALSE,5KBR55B6Bkmb5ZLEBcpwXwtA1tcDEXTEqD8NAb58K2befxjdcruHKM4RiU1N5Svxw1mVWT5MwuAGagdjEmAherpF,3668499
2025-02-16 06:15:28,buyToken,KPF1dHxJnxfB4e5DEffFf1N3ddCChxrCPeEvr2qQZ5v,10000000000,TRUE,3JE58aRq3YCNf3YwNghQQZ8ZS6kBNUHmAdD4Va8vdgnrGkLxrzXFuBGoeJK1ndgDcvGP7zKen3HVpBfN4N1p4E16,3668499
2025-02-16 06:14:03,buyToken,3p8DjsmkzcudPBsEWrjBb5mkVVzkuPg5LeCQa7o1i91S,400000000,FALSE,2Hj67L3k3GE2FrhwXKRF4wUL5aRf9VY5Gk2t3hDosTm9N5pi6kvnjbM4nkx3aKSSa3z6yKdGwgoT9eCwMnRGnTYc,3668499
2025-02-16 06:12:37,buyToken,3p8DjsmkzcudPBsEWrjBb5mkVVzkuPg5LeCQa7o1i91S,3000000000,FALSE,pZuumQdw7gyq5sQmU472oSYpwsWXUbxCCj7e6D1hnHZ1dqDovFwA3Lex4WuQ8vrTECStToFEFoWnr3CzKdc6UbM,3668499
2025-02-16 06:12:10,buyToken,2QJvnMY5CXNw8eoCa4rbNswZbGzpDp7cNWfP6LgRjE8V,985000000,FALSE,CAMQFQ5Yu79JdMtgRVCkFC8zDkwJXKVARL7wfh3pcNLM3p4faMMZ5pFMqPqXvSqoTDQoCzP8miBVbcZhpvxMakv,3668499
2025-02-16 06:02:32,buyToken,3p8DjsmkzcudPBsEWrjBb5mkVVzkuPg5LeCQa7o1i91S,4000000000,FALSE,5XMgCvZUgoiS1QmQhdLYX1YHyMPdw9zy79MqUnKxn2FyoZ4yswbf3BrHpgv4HZrPnqLFWKmpYKX9nTBKA6vXZtTy,3668499
2025-02-16 05:57:18,buyToken,E2w6fYQZ9tzfWSeFFh22mNjZcuz1YbiBpVbxhnVfyAdC,9875000000,TRUE,5aSrbQKrdhKt2UxLmPv5t9ums32HtBPT25bUZ2pSB9taCJkKgUFGRLanbgmKgF2DopMNuyoBvChLSR9ugo7HSmd2,3668499
2025-02-16 05:56:12,buyToken,3p8DjsmkzcudPBsEWrjBb5mkVVzkuPg5LeCQa7o1i91S,50000000,FALSE,4Vx1QbHFMrdv5YrFdHFJRSny1nrUn9ucSdvMD2PVy9bRCm44nmNNbNqTchaV17LKHGYVPdMxKDPQKjW2RsncyA6M,3668499
2025-02-16 05:41:49,buyToken,35M9YCbwj8bS8cKfrTnodzwKV8r3QX4qNW8JapkCP6Ti,2800000000,TRUE,47ex15C2Rnad3vNbunX63HDraGjHWWKdTVgea2Ephvyg2QgzjsAbyPyEiRsL8xNAo6bhYh3zMnfPEvxByHSoviLg,3668499
2025-02-16 05:27:00,buyToken,6Y15At3VyjDpv9dCo31ei3ydS1fbugKkskaedFBQac5i,7600000000,TRUE,iVQcUpx8DRXFeWsaGZB3LA7SwPSkrLuCgrS3VhpH5wESYTUUXU2fqtmNPDTLddb61BHEmbz3hP4EigiALq47VWb,3668499
2025-02-16 05:20:52,buyToken,6Y15At3VyjDpv9dCo31ei3ydS1fbugKkskaedFBQac5i,196000000,TRUE,2gqxFuSrYNGRvK1DpbHwewvXuXkq9TPJ2zo1BBZktQHFakL3sLbPjKrGpMJ2iFzLrE6Yg1pqGgTtTocDN9un69ZD,3668499
2025-02-16 05:19:07,buyToken,6Y15At3VyjDpv9dCo31ei3ydS1fbugKkskaedFBQac5i,202000000,TRUE,2sm4B8W6r8cQHaq1FJg6hUAzjMyRSZLgWFwtU4jakeuRjCP7RFkpbfXmgfkAGuac4LJdmT3TtbLjaSsYM49xfkDk,3668499
2025-02-16 04:21:54,buyToken,BZiTQPZuMPhsY7uWagQuygP1ZtP6hqGqmmfXiVkQw1nY,15111000000,TRUE,3WbyFvFD8XtvSiUjnTVGgMhHVPfD2eZBSkHGyAgZvCctd5UE8jJCpSXGsRyqTAcpyKqtnAEyE2jn56HYfXPhxS1h,3668499
2025-02-16 02:32:54,buyToken,4NdD2pE9Cgw5or3goEuVDmouaNqvvdeWvHMiVeVAtiej,18300000000,TRUE,2o3WjokZHBtHtw91zZoY7QcM5dU3AMLoWs1NtWA8Q1gjV2sRDLuDCVBmXWR35deKjzeFhRY9Zjr2bHtFwYKQ3iVr,3668499
2025-02-16 01:32:31,buyToken,Bgwvkh69RdrEavWGvuGipQb5t2NkUQmAhZxqw9ZrvLqv,280000000,TRUE,2ibB58j8NM7LUC4zVg38NsVNv23JUHmRiJwobD9MyG2gFsmeaJ482wipCP3T1VVBzZotexLPMaDQGyMEF51SX9fK,3668499
2025-02-16 01:30:18,buyToken,Bgwvkh69RdrEavWGvuGipQb5t2NkUQmAhZxqw9ZrvLqv,20600000000,TRUE,4NTPGH82K9RUwMDndScPAnSDakr14GjdM8vu7eUA9yLycNMDdcFpq3wTg4Xssnpntqo5egdp5BCwovB5GkERt2cR,3668499
2025-02-16 00:42:45,buyToken,5Y8gfztd9GHJxcCswqhXSDAhFqnr3kiZYQ8EuvkaTFfH,3920000000,TRUE,pgZ4r7iZiSaCgR3mQDEtA9FSN3GmhHWodZGBLJVpjdFFWa4H2MCVxHffndgeGboz7bQJJGZQ1eEGs5A5htJbQxU,3668499
2025-02-16 00:08:27,buyToken,CP1rT9EeanMRWkj9or82bZu2YuzK5jafnbkCjWMVFyPw,1200000000,TRUE,2auHovVmPkPQDwJMUtiCouxk4GmXWCsDU9AtxDUfXMzDJou7xQ75gnJ9N7H4HCPvoCXbu6j232pzUQfJnEnWJDTS,9834006
2025-02-16 00:05:41,buyToken,CP1rT9EeanMRWkj9or82bZu2YuzK5jafnbkCjWMVFyPw,1500000000,TRUE,3nLKUzdXcMfYjAnB6bGiKDDQviw3oSaKsKNpvxWSkCosYro51h2g97TaJVufVQEE7vsLwGHiYTtm5T8YqFLRmv92,9834006
2025-02-16 00:04:25,buyToken,EF5qQMigTmNExeGmEVSxD9AjdZEFyf8qaBesxonY17Mw,1600000000,TRUE,4RXYiv5ZRakhC4JqS7CXKoD7ScZycEDyqVzj4JXwWovWGiPMkntVdMR4kHJFgnoj6MGB6fdJs1yLCYU8rezmmfp8,0
2025-02-16 00:04:11,buyToken,CP1rT9EeanMRWkj9or82bZu2YuzK5jafnbkCjWMVFyPw,1000000000,TRUE,3kokAcV84vizjZPZusLvrxxs1ogXZHbwqhKoXFT4Yd4zuGmi7wtW7a9oYtH9mEMxgmm5LbQxLzovnEeEj3fJwshp,9834006
2025-02-15 23:41:25,buyToken,5PrM7pXSd9TF8KbPgTfW5L13m8uWRrC7nYFMha6egJPu,30000000000,TRUE,2amtMkxV47kNfvL1gLSKdr3UbhZrMTvZvNonWHd7fmJLzCPy7q4eTSzptHjSR83etYapKFce3HSqARahL6eCEu1f,0
2025-02-15 23:20:14,buyToken,48CijYACAzKfd3KXzs21bLA5nZCa22TnEroHMNt7XMX8,1313000000,TRUE,5g1ZtK7SkJ5UpUqg7MCUVRxaFx43KKonXtSdzqjC2rT65a7KFEo9GBAN5wbgmeFbPt9zxbBTW6qNAjQsv1PhLrwj,3668499
2025-02-15 23:14:42,buyToken,FuphHwesQEVrmLt8rnVajjzEvBe49pi3bufpGqxpw6Fd,105000000,FALSE,3Bggyqf5paKZRV5mLPXymZMJHfSn4tQQB68LwPZ28QLrnTnnP7LfBDvoNkUT6ZjL6fRNPXTLZrWdbFfBLB8bCNpr,3668499
2025-02-15 22:54:33,buyToken,48CijYACAzKfd3KXzs21bLA5nZCa22TnEroHMNt7XMX8,111000000,TRUE,5fwYBxV7zNHLPWY91hukKpRzX4oKyWb2Xse6XsKcVWgvmWKV6SE2mAVyECWL8bA1A9VkavSGjHv1eubab1qzc8qY,3668499
2025-02-15 22:53:06,buyToken,48CijYACAzKfd3KXzs21bLA5nZCa22TnEroHMNt7XMX8,55000000,TRUE,KjModGU6BdQUcW4o3kF9jSaQMVcAsWYJpiJGrq8SxsKDxpsvdXBsj3GQd73Z2ToCtMV3SSh32F7tTcJY2dJ34cL,3668499
2025-02-15 22:52:16,buyToken,48CijYACAzKfd3KXzs21bLA5nZCa22TnEroHMNt7XMX8,11000000,TRUE,2G4ghs95XAhr2NE3D2cHc72YzcggayH6anjed4CPWLL8yfY8eBite54geKyho11hZfNhLL8qcXtSd3qzkdm4RtJM,3668499
2025-02-15 22:30:00,buyToken,HRJxAhYrsNrM15cJEcGmRj6WHGC1tEDRbevhMkVTvsnB,200000000,TRUE,3h5gm9XdnADBAeN1F6uExsGjxT45KxxjhGEEPDbP7CzZZ3hK5s8rkNkpjDgP9G32Jc9iRB4PCsWWMHvH5HZCoZ3v,9834006
2025-02-15 22:29:13,buyToken,HRJxAhYrsNrM15cJEcGmRj6WHGC1tEDRbevhMkVTvsnB,8100000000,TRUE,4kJGvMBq1TJGZVPNwrvLVatT4aJB3dKYpeLsjJrZAxRMnxQobvmZZMXVVGqfMxy7bdyvJ36vRhFvuDxZMfD7Mssh,9834006
2025-02-15 22:27:11,buyToken,FjNawDhs6AUiVizSmgSLsy3mM4mQxpeAZ99FM4qhQdDU,7950000000,TRUE,471RhpaCedLRLFZswpRRTaAFn2TVjQGmqEU89qGXsFMCgZ9LX1NRCp8ru5voAhm5EP8CfGUjBe188VBEz1S27N5B,3668499
2025-02-15 22:19:44,buyToken,HRJxAhYrsNrM15cJEcGmRj6WHGC1tEDRbevhMkVTvsnB,200000000,TRUE,4qKj65NW7ym9FBSgEarkJ4d8juKjBywbVQy6Sgy1x4GaX2U29Z4fAJskzZmqQYEVNSc8sG1en3wymQRLeWiPFXXP,0
2025-02-15 22:12:21,buyToken,2NbMVgHHS1ZR16eqqj4pGkKvdG7jHrmcApXVJHAdNmbK,200000000,TRUE,2XRKmDh9tiBWfNksBbuBRV5SgkR6wBJgotSspkt3EPHVSmigGZUzTctov6VA9MLcYQ2VGmT4XJUYbrFywDcaxeFX,3668499
2025-02-15 22:07:33,buyToken,abAFGz4S8DY4MRjiPij8GWH5FB44pjCE28AcKeeyJ5Y,2000000000,TRUE,bhjueQum7xyRYu8oFnQL8wZgsA4BPb1fStZrmq6NMki3NfKFPKdNFWT4ry73zvMiqFM3ztSfPN1TCy1bQgLXjcu,9834006
2025-02-15 22:00:43,buyToken,AVvuTJx2Vue7MLTsWoGtvxDAJdnjj5YGpu1weMjLvsPy,180000000,TRUE,4DkgpuXncaiYaiqtAkazsWyz69st25VQF7Tj9Fvrj3VdymoejQfNDvWejvSSKngvoX5dEJozdatFUy2L3uBRtU3C,0
2025-02-15 21:56:28,buyToken,ErmjqQjmjMN5qoSZiEP4yLbQp4ZvWqaLWZVwCNj6wshG,150000000,TRUE,5sFJFEUdbwreQ2Doxcgt3RSWXG1csjSVA2LiS7LZmvCNWVCcqYLZWQH1DbysGuYoJUKe9H2dMyB16bakkx4Co9T7,3668499
2025-02-15 21:21:01,buyToken,8Thebv1m1R8g5FxUaBgjE6eyAbH8dfqMu3MpwshhVLFt,27027000000,FALSE,5SXBYitRx5SixVyn2ZspF7v9bu8uFj7CiursFLnhCaPTXf2Kcg8QEV9ijd5JgZuLF8Gve3aY1X1vCZhzVf4johdN,3668499
2025-02-15 20:50:49,buyToken,43ZSbGWZoyJ5Up6VdEyDA5iXaNexZdB1QQ1y5N6qDpVg,7900000000,TRUE,4X2JeFXeZ4eqzBwxrXi5FsPvwTotmgUNbSrPdajwsrGRLTdLkZuragtKxveX8WtWpnV642qVT4KrzmWAQK5D8HsV,3668499
2025-02-15 20:27:07,buyToken,GaKCm276X4ScvYxsp4YH8vUW68t4gFC7f8kgLa7A9aWK,900000000,TRUE,5knQxdFYk9xnYy8pxRqiFi7SGbKRVkeaaYLk9d2VYmARRoFwsxZhFf2bfdd57TCptZgenovHDe2yBEaNc9NEazeH,9834006
2025-02-15 20:24:21,buyToken,HRJxAhYrsNrM15cJEcGmRj6WHGC1tEDRbevhMkVTvsnB,3000000000,TRUE,bDHUDZKiaT7mi7Xxbbuz2ceFsLcXNcaq8AYerQQptync7rJiAALRYLaDJRfUp4uipLmb2hn4JufkrPS9SLYPUpU,0
2025-02-15 20:19:29,buyToken,7co4JYT82fJwHLh3rDf6kJSC5pJVgsMR1EyaaezCoTaQ,6000000000,TRUE,2giEGQHjetzXDx733FGyYzvBkw6KwgvpKw78oAHcsApszYRsWS4i2nUTcnD6Uzg4DDj7LAVvgSU2GxA9WnqgPRzU,3668499
2025-02-15 20:10:19,buyToken,6mLsqtv6aGjCxtuiXv4aKsrRd9WKoi5fuvm3boUdXXSw,200000000,TRUE,3W6TGn2UPWQnX4xPCVcxi2ZpMe7XSLbY6RRHzmoPBxBbBMDwVKGDSTasqHcywfDSqdqj1ubbvWKuBD1MJtvC6gtZ,3668499
2025-02-15 19:50:46,buyToken,BRaGQLGScD2T4QZWksH5xZYoJEkXi6uGuQkpC7AXRop5,7200000000,TRUE,4dHnAeD7vr7yFrAKVPFG7VjytsejYhD4CZZbmK9yDdafunAm4tfkWiASQHUBSUdDcoe2CcKaF5AWF29zTyej5ctj,3668499
2025-02-15 19:44:25,buyToken,G7haA1eMptg1LmTrtTMG9pAjNhFKKTeMZtsAZ3rEWHX5,800000000,FALSE,CyB85NKecbD7bF6cV9pEXCt8yLyxrNcJsw6uMk7ay6Dw8KH5FChoCmnwPjJCc6mKVPHpjMUkTztxsSjK224Kgxo,0
2025-02-15 19:31:23,buyToken,3D989k6dU6Kn1oMiGC8MdX16PiEW2d6xijSpV5pRcGxQ,555000000,TRUE,2bijpkqcVNpBGtror2eB12XtpBxrNMxtwTsWsr2uXMNmx4riyNqmAET3wtRtjmGRsuzh7Ky5desRKb4z2yWTVtw3,3668499
2025-02-15 19:21:24,buyToken,G7haA1eMptg1LmTrtTMG9pAjNhFKKTeMZtsAZ3rEWHX5,17400000000,FALSE,59z4JMYfR5FyQNN6JYnorquSybPZ2L6smkJzGkdQJrjgGBd5iutDby9R6gUbghTajdDGjrRUjWD4UcKbJJMVYVwC,0
2025-02-15 19:14:42,buyToken,5a14DzCvJ6bUymRjpJyWWiELuVSYt5NpWZyayHLGaqTF,3800000000,TRUE,5jk6AuBH35Je4oua9pFwn1FqsAf4QojLpzwuJw66ibkFfUEzqyxarpbyupHLryEg5z6ALBmdHUM1kMFxKoqJaeYT,3668499
2025-02-15 19:03:28,buyToken,HRJxAhYrsNrM15cJEcGmRj6WHGC1tEDRbevhMkVTvsnB,19999000000,TRUE,64QX3HMw5zQnbFscdbPHD5zYrCG3ximjZ3TADLBV3yrNpkF8LddJcPDHe2wP5WqvWUsast1gSgGS6mnNRMSjm2D9,0
2025-02-15 18:44:49,buyToken,GaKCm276X4ScvYxsp4YH8vUW68t4gFC7f8kgLa7A9aWK,31000000000,TRUE,FZBNuDnYrF3YkpTqmCPoMkcZ2CkJaP9ruxpaYRLgHZeo78PWywzH2PnaMMwQ98Sr7Di5tZpXRAfNrPLqrErHbUt,9834006
2025-02-15 18:42:44,buyToken,4qtucnJZCRYXpgNg9Wg2hL7Lw2vr9kU5HXdjFdXsGSZq,8200000000,TRUE,3EeS5AfSZrWD1U5UNFGwDVQKzJ6QaS73tSPuvaYa7e4KLNtD3DoAmfHqnvA9F13an9Ng2DzUBoijJCTQQQRfAqQA,3668499
2025-02-15 18:39:43,buyToken,DS7WGjVRXp8E4YSAV47QGgkKbczYBj2fU348T5UhydXW,1000000000,FALSE,2HQz3WXApL3BpWurYgcnMeMxzR21kZk7j6N7zzPTmobfxuGsnDPAAhHiK6nEzKb9wXpMt6tBBd6UB9VRTYKehREa,3668499
2025-02-15 18:37:35,buyToken,v4drFQGmT8aekBx3HrWZoyABUB786mkeS12iEmUgfuc,110000000000,FALSE,42nxAfFzy6fRVvt1gFLWLEzicdMvBx9BVs5cE9vemuk419DMALJ6t8uUYbmw3t8N7PVa7P4UYkeo66QCTQyAeKVA,0
2025-02-15 18:36:47,buyToken,8MvdPErjsPaNeLPR4aJwquGGxxjLVyruRui3yofmZALb,100000000000,TRUE,4PGuyyqxBqroGKPaaRqcfg8Hb82B867X3oFM46rWBraBjWupVFFeGYam5wKy82S6p7j3cATmUxZ68TD8hxpV14HX,0
2025-02-15 18:31:41,buyToken,GutAw4iJD61gGhpEH9NKFH1ziNm2iNxx6YZx5QWaDimz,6666000000,TRUE,4SDudW48wzM6uxmT4zRAcuFwa4A7CyqCaEdjZ15qQbVFn6ShLdGNWkb4LyTezb5omsTYXn4c12atRAc4gB2gYmbu,3668499
2025-02-15 18:18:28,buyToken,7a7gK4zZrBoXU2hBANhjj5YjbLfD6hmW7n33ci1XuEUF,14000000000,TRUE,3CG2tgJAJQ8WoE5w6Xc56wuLeTt1tZZUsdWfrx4enxiTXzkzLAHLXHz3QvKUvGDQYAzqZPZU1XTYDJ4eeWdRXTgM,0
2025-02-15 17:51:21,buyToken,3jgzHwZiFGwvxnTQTVDFZBK6oDK7YiE4Dgwg5xiGqa1q,20000000000,TRUE,2rLSep4LMB1JD7nNEsgH9Fnyq4ULbRn4gafZ8CPp2EZRfHtXKr2tFRKBNZRWc9Go7t9KvjFyg4LoUJTakdPC1Rjq,3668499
2025-02-15 17:49:46,buyToken,6mLsqtv6aGjCxtuiXv4aKsrRd9WKoi5fuvm3boUdXXSw,200000000,TRUE,ZUMgYd6CkqcRyPCPxmmMRKF1eLVgrDzSZTyrxvWpNC2AmBJ9LnrCgYQ6snduNC2Lw7s224TPoZwcFjHYYxn7hmG,3668499
2025-02-15 17:47:09,buyToken,8VCDDhy3c5YMtgXE8chZmohqtH48GGPXDKRVXSctfGC4,160000000,TRUE,YTMbqnYu8ejSdyTrpm2bBnDvaeLqJFMqSUULjnaXbCrJqQWQ9MryKH4wc4T5XkPteb56ctoP97PmfM8ofMdXSCJ,3668499
2025-02-15 17:43:08,buyToken,2k5ujXprdHvkqLhz58BKWm8ESDUCMxKo9aCYgKjpqrxa,1900000000,TRUE,21Btvn44moMAH8w648u4Nm93456BAtSbyhfbSbS6WoyrHDNas88yaeZAr58uc7GDioeYfYX4GEpLVeSs3amKtUiP,0
2025-02-15 17:30:39,buyToken,v4drFQGmT8aekBx3HrWZoyABUB786mkeS12iEmUgfuc,1000000000,FALSE,2K1krycS3bVrGUYET4LnoNFMDsk6GEu4TAYjHTpSuJtLPDjTviJpyt24Z1CZLTxVCzr8cFe8NrGW9LA1pUpXjHHR,0
2025-02-15 17:05:07,buyToken,HkbCn9SZwE54QQwDAZBgPWNDFpUiNq177s1HCzns11Lm,4000000000,TRUE,9PkGRf5Tbt4BP4d5ur2yK9puZEwBk2KzaEHTnKkh9uJXXkVeJUJrH3Rgn7HxhysdUDMEw66TxhW9iUZYug1Kg4g,3668499
2025-02-15 17:04:18,buyToken,GPDYX3g8txDjKuUDsauHPxejMvdhhp4okaGtex6oUT7k,10000000000,TRUE,g9tbrTkreKiEF5fBfwM8iyed1j9CpFZdWmLHHULN5sV8bwqti3KEjk2nifXj9y6zwhqNzZGRwKeGg9Qn82wtqcW,3668499
2025-02-15 16:51:14,buyToken,8JDV9aLyaQggp8u3xuFdQGMsY1ebfUFXprPUuKHGQdh4,8000000000,TRUE,3sGAwvvUeYw9pLMhrRh7Deqp5KiP9NXFvXj33Eq8qJvBEc93ZcDvfHT5B97c8mZrrNg1LhBTqymmSwGzHvVY4maz,0
2025-02-15 16:29:52,buyToken,C1eMsMuEJ5swPK16X3hSSB6HEzJmn5VHzqe8MYhARa2D,3900000000,TRUE,4FEVsKZrbFXyt1YxCvb7ksyCg4QNg4owcayZiep3wfHC9Eb5jhGvBtaHjp4F2ECTWZ31vSzEyVGnNb5NxkdCS4FT,3668499
2025-02-15 16:17:57,buyToken,6mLsqtv6aGjCxtuiXv4aKsrRd9WKoi5fuvm3boUdXXSw,9900000000,TRUE,2uS1iFYoiCT61q3wT9gSTUc8TiyrvSkUJH5aLeqSZ9dAMsvpShTb8uCDFyRAEw5feiHUgDKYH4kcEgbG9gyfyaGe,3668499
2025-02-15 16:16:28,buyToken,v4drFQGmT8aekBx3HrWZoyABUB786mkeS12iEmUgfuc,158000000000,FALSE,2dHZWo9qf4598DD2rKMnm1UPXoriy1LZq6P51gPgZvjULpBBXByyi6EqHz2BKYVy9awPSAodUkpNtzgKidCM3rvs,0
2025-02-15 16:16:05,buyToken,6mLsqtv6aGjCxtuiXv4aKsrRd9WKoi5fuvm3boUdXXSw,2000000000,TRUE,2QbyDt28DJDR6YknULjYpAu8qunT8rx39RY55CQMBUDBu3WEQZqLMX45DnzwjiF9Y5B2PLFZU7uu18FK2u6PDUsA,3668499
2025-02-15 16:13:30,buyToken,v4drFQGmT8aekBx3HrWZoyABUB786mkeS12iEmUgfuc,20000000000,FALSE,4mTqRFLbBdmrHRzzQ7XDXZEU9dBr6oHBDcTEaD83kMtu4KvBChAGy3ARkxUwm6memvndRS9UYhEGQ55GeHbU3CMu,0
2025-02-15 16:10:23,buyToken,v4drFQGmT8aekBx3HrWZoyABUB786mkeS12iEmUgfuc,10000000000,FALSE,FPx8gNjpCSsaLsgDowByU2nFVLip3GrT6fE7xxCUA2irYg1uo1L1Yadc8FevTPFYEwSy87iuguydHGfkeWxYkfs,0
2025-02-15 15:35:24,buyToken,3sLQG13WGZhGnUjQZavrhUbhugPVmhmpnjZxwmg24w63,1000000,TRUE,5yhoswuitfGpLN2LpqT83xtwKLXo7Z61y7PDykvTyYcnXSAeHmko6GMdjoqYS5KTT7DHAVbGsWaywvUbSi5oSJW9,10000
2025-02-15 15:34:31,buyToken,54CCVKUDn6aydAC6crgsyk1qjfy2NBTY7CaAye6VhfnZ,1850000000,TRUE,25gtXaj4tKfXeCjgyj1iRjDRdCewDwA5hwAC8H89xNaievNJkyWWd6JFP8SrBsEXsf3TjqkD139THvDCRUWstX95,3668499
2025-02-15 15:31:33,buyToken,54CCVKUDn6aydAC6crgsyk1qjfy2NBTY7CaAye6VhfnZ,48000000,TRUE,KXJMaKxWieY1xnWAZuXjJ3MipKwMyhpRyxG5f9532RDFd8tMdfzrA9CS9ZJCqFyw4t4BavcHcNMWFyKjL2bqeDM,0
2025-02-15 15:27:35,buyToken,ETiByw5Fd1XKgypE75Z5Lw3jnCM9gDiVG76Xwr8tWq8M,245000000,TRUE,2uN4Gxuz64SaNRsSANi3KZNBnKrsyaRHDP6WoQj6VfpMTfCfiLczJ1MPvVfEs76QXs4CyAcZZfMggjknCMVq1v7s,9834006
2025-02-15 15:26:19,buyToken,76cokQxiuFg36Ezh6tP9cfYzHWu575ut1DYGVr4gaYSf,4030000000,FALSE,65SWKwUGKmxNCp8gpzdUmpqhfXvbcHGe7rv3Pzc2aVGf9rQJzhp3TyjZeRMhTaWFqjAyTsDSRj3A6hcMK3cSTAHZ,3668499
2025-02-15 15:20:52,buyToken,J9SoLdCJ2NXc27bjDvmx2PLHLcWwYg5dT2ytfjGXELey,20444000000,TRUE,4bZtAoMT8tfzGU5rpDVJcMG6yeBuPngua9wYDjWMjgU3QNnA1pqfSwEDJzpUf45ZD9Jc9fYBcgx64i65CEUd1FFC,9834006
2025-02-15 15:17:17,buyToken,2hGtk73cReJYjQKXbx2QTAqSuTBE9chLkUe5mp7A4mjr,6000000000,TRUE,2aJAiijiNVNsLK91Y6D89LmbSiGAiYkhHdBt7xRuL5JeUFDeSwd48oRbwaRx7wfzjs8wF6Y9E6zPuZJ8ade7QZNf,3668499
2025-02-15 15:04:38,buyToken,GV8kYKVLjnYfs6o1hYfNMSrnJbAzXApiKWXHXUfnrGRx,1000000000,TRUE,5amWzJtfw2G1xgXezrp8dHAGWVTSXJxuiaZu8vMFNQkzr1nEA2kXh4XBSdGwhEjCCfyNEECkXApM3ehj7bmHzUnb,3668499
2025-02-15 14:50:31,buyToken,EDXXmiwSsMPdpM9eXReYpjJn5b2MDuMUMDzRcXQ3Se8w,48000000000,TRUE,3YAbWTwQJUj5LWzGbHE53XaGUxu9wGQ5FrjZfsD54zf2nSa9mSdz3gWDf8yhJDAukUr1SGyP4caJkCpSoWaNyu8p,0
2025-02-15 14:42:26,buyToken,D7yuQHCpKKSBkSfzH4Vi8Cork2yRqRaee4GarW99bHBj,2000000000,TRUE,862dseeQuiWMAdkmmXmRHyKxWGoFJ1tiuZe5DmAHBPxeo5NZqMZ3hdyUBwwShkCUSXjTZK1kj4CTJTfWV4TmsU6,0
2025-02-15 14:38:07,buyToken,4AaxNQ1EMkXKZCztRKjrP2v3aBLQYiKjqNrZRKwB5n2h,100000000,TRUE,7qGLi2unDmcAbVzPPzpENKtVQZArB8SMXsSHxGua8wtyCRGmTUmsCZueFLhyrkKpCU4PFkrRWHw8GYRbAJp2gaR,0
2025-02-15 14:21:13,buyToken,FohaGDsY8Qf3SQm6o1v8vgJvaKGwfUNqXM8cYqeUyk5,1200000000,TRUE,2HuNmFzytX7wxD16XvRhANWhu9VEZp777SADGxLfgCJk8yju5CxAN5Tgeb6wXC7myxsFp2m9Sx7uTfBTqUy4jSTS,3668499
2025-02-15 14:17:00,buyToken,AaEJsDvpD6a7tbA4pyzoHWXvagkRceZnS7yYaj9jjijs,100000000,TRUE,5uUNoezEskGHN7z7iZkrtorvzYifHChjJq25gnkd8y8c2oKMB6n32tnucWY717ujwsJf44rS8hvqgtWsHjyGnWLq,3668499
2025-02-15 14:14:54,buyToken,6fbS5UpiAu2d76AMdtPSUxZeYBxuxDuJn9PwTVD7PN7,3900000000,TRUE,125zukL7N1ZP1C3bUgBkRDctVLQq9V29hicHSyLKYVoi4G1i8TtqqLAhy3myyEWYXo1YsGhKA3Gtb8jMtJfvX5zM,0
2025-02-15 14:14:50,buyToken,5xvhwpTY6tt1o5di4Jjwo5NeDgw8EmzJ4nzBUGRAMzj9,20000000,TRUE,3zRMV8yeo8vCGXMSk3TJKzGY6M2X559vAdbvA7sgyKzBsw8m9nZ1AUGc3pDkjQJnf1iyCgobYFukAJHWXBWcADcs,3668499
2025-02-15 14:13:26,buyToken,5xvhwpTY6tt1o5di4Jjwo5NeDgw8EmzJ4nzBUGRAMzj9,60000000,TRUE,4wZxuP4bZA3Zwhz6aSuC6f12c3HBXhSAB1DLHEyxtJwajHeznaBv6RAPjJofdFGnGc7noScASrz1JsF1eKwsxwcA,3668499
2025-02-15 14:13:19,buyToken,FohaGDsY8Qf3SQm6o1v8vgJvaKGwfUNqXM8cYqeUyk5,3680000000,TRUE,2hu5cYGw3o6YGEUqnp8CVYcDnrLVg2EhfVLcvADXCSb3GBaJjXS6bXnXmGisVJXdP4LTaWS5FwwNEoWVVsf969dr,3668499
2025-02-15 14:11:49,buyToken,DS7WGjVRXp8E4YSAV47QGgkKbczYBj2fU348T5UhydXW,12500000000,FALSE,3jrCCWJpLKZ8AsmMsxUUMkYwfGT2evSWtYpRHV6gDRK4HwjpdGHY7ASQxRp5kG4FESduNKZvj63jx6dQ3aBQPMfu,3668499
2025-02-15 14:09:22,buyToken,AaEJsDvpD6a7tbA4pyzoHWXvagkRceZnS7yYaj9jjijs,2400000000,TRUE,go5sFLcsGdWfimbQDZLA1v8fuNtqvU5cd6ttt7reB3HXRrPCgWXsBN6BSwwjN7eSBAqFunE4kNfaGq3nfGhVSw3,3668499
2025-02-15 14:02:06,buyToken,5xvhwpTY6tt1o5di4Jjwo5NeDgw8EmzJ4nzBUGRAMzj9,100000000,TRUE,3S2g8fToxELZxT5gTYz8VL3Y4LF5Xg8A9AaQFXJ6ZXzBLxScqegcxEbw7Z1F4BcJFuSD9Zs4xYxKv7wFgErvRRQ6,3668499
2025-02-15 14:01:26,buyToken,5xvhwpTY6tt1o5di4Jjwo5NeDgw8EmzJ4nzBUGRAMzj9,60000000,TRUE,4EeYU23acZE4YNDSkPUaLoLnPNrWSU4J3gEQccTThjEZiDYaA6WJpghX3ZoqMEgikFbLoci7bWdXZuP7Je4nwtzK,3668499
2025-02-15 14:00:49,buyToken,3AbgCvmbm4X9eFCt13w5k4j7GczyvjALvHsZEFQVTEcZ,5000000000,TRUE,3Yt3aUE3jPXyBfV6MsemEDMvkC2Ypeew568QrzhdKVjJDbpM7ejLYkc6UDHHRHvU4F9vyMC6xyWFC8aL8gNa2qS2,0
2025-02-15 14:00:07,buyToken,5xvhwpTY6tt1o5di4Jjwo5NeDgw8EmzJ4nzBUGRAMzj9,40000000,TRUE,5o7Pgn8EMHXNaw7Ez4DQfENbU11hQAg47TqBUkEjwUPkg9axdjoR3Ygjofu5RdKcY3EzBXeRT2hEgDPajVzKWbNr,3668499
2025-02-15 13:59:38,buyToken,DnfjJBJT5NhNrGPZxP8RDfvjjNPrSAdQ5wC16QRsGfra,900000000,TRUE,wJsNHxm4hoYRpxWHH5snz8A1CCihLPrzLSfh1o2HzU8jGejyEuDMcd5agDL4UWMndxbwWgAz71rXr5bChkhBEWp,3668499
2025-02-15 13:58:43,buyToken,EwZkHtTnvyGHjftwEgR7eagt29bLwtWDkfQHmA9GULSH,6500000000,TRUE,Toh3wpQQCwqXjcPsqZcfxBYA74ZNnRWET8WaURcnwgKZfvwefRPiJxc7wsQrhbtwtXGZbnXb13ebTVhNzpPnnKX,3668499
2025-02-15 13:57:22,buyToken,DnfjJBJT5NhNrGPZxP8RDfvjjNPrSAdQ5wC16QRsGfra,2000000000,TRUE,4tfAJWLdUaogANz1tQcXUio4R4BPrWWqJcxHjFm5PoTrP1jTCg1tGeJ4ekWqrbt9DNug1Z9NKKmUHWMLcP6ZfvxJ,3668499
2025-02-15 13:57:04,buyToken,9Z5fF6d8yxQeMW7y6QWRAbGHyYFmsyPVh5i6SP9ArT3N,360000000,TRUE,4hSoCwjZYDXC2rxb9aZgDrkB3yS6MgDn3JTV7Pd2MsHw2jgmuyLTgUYz8bdEhkBYUbrzbd62fXB7mcZeVP8ma3c7,3668499
2025-02-15 13:56:59,buyToken,6yJsVCL3t9psxWFCnVu3cngi69GUmZGebrXjhpwv8crk,20000000000,TRUE,57z7eTVU6CG3VoZBt5NARPx9B5Bg5DwCrTQ7nLmWaqbJ5JWKAt8GXSsjQonD5rWXBQM6MNvizaznaFbZBmZTcVXw,3668499
2025-02-15 13:30:45,buyToken,92ZmtuDiiVhYakEhigpngNeY6Fs5EnbBHqatynryazM4,1125000000,TRUE,397s9L9w31QRnmNwPDxuDgp9X9vx3S5rot4TQFoauMedmmVaGVr5nu7fqGigPrVyycsteTDu2Fyoap4vuCXkb27,3668499
2025-02-15 13:23:44,buyToken,H5632j3FqziBb5RwqWbKPVPyjpVnZhygE3AGGju7QBVz,19000000,TRUE,edyGkbW7gDQvLHi4uGZTYUKjaeVZfKd9Ffju2kRTvxhW9goN2223kvMjnP1WgSR1d1di92vsBqrGSDzAJtGaf5K,0
2025-02-15 13:13:34,buyToken,HYKNRGcYJXUXuJFa4BWDRWQ4fNof9vNQ725JmF5K6GSj,1000000000,TRUE,4F95P9kC8Ch7kqeuBo4tcS7bT5xjKwAKzSgW5khyH78ggkUr4QdReXFrjzJsK5zmjaqv6NR7aUu7oXHpfHq3w7Rr,0
2025-02-15 11:49:10,buyToken,EeAJcWGx1TPstmyYS2H6Xb46qvzNxMYTFw38EQUcJR24,400000000,TRUE,2KhuesMwyaM1G9f7TamMa68r4Q4tMa98QDNCv3byfxEauUNcmVjEHcyMaQ84BsuK5wxTEdtR7JZFATqkfAqPRvYg,6665538
2025-02-15 11:47:07,buyToken,EeAJcWGx1TPstmyYS2H6Xb46qvzNxMYTFw38EQUcJR24,40000000000,TRUE,4JfA3Rv6tLPiZpGQXNgQMGfvgv299DMJBRx9cNfSfx28om9G5wzjRavbmPyfRZcbyE5wrropfo8NmWuhSREJSmw3,6665538
2025-02-15 08:31:17,giveToken,9E9ngerSUTcyB177q99u6NQcyzcuVD1Z9pf8Csj1vfRA,30000000000,undefined,2bbmoFJ59iqo4jDxCNgdoZfWv9wMtUvGi8nqMTb8jXgPUpd5hfWRPBpEq6PqPNA7tPB3asJ1rbYo9UTZ7HHooL6j,6802677
2025-02-15 08:30:30,giveToken,AkjjT9RUtKSpNAs9mKRfxvarGZq6JwWPnXsPQCdgKUq,800000000000,undefined,4j5ET9Dkm5dvgiWfizQHLxUq8Y4dwUdjv4xtBfu9vGByqr93bfgR4PAJbhvmVwdynrgFq7oWF8hLqWvNFwH62NYK,0
2025-02-15 01:00:22,buyToken,HE5BLQWp8PYVUGUacpdqdh8DkVWyVFFmbw4XuNEfwV6f,9000000000,TRUE,5pKSAAuCBDVnQiHwRZZEE9u8MAJCuQoRLx72dfw2nRPzTiUqoA6vWyM5gudWdp3ng8y3D3uzEZFhyqB1HtTG4iuP,9834006
2025-02-14 23:50:31,buyToken,abAFGz4S8DY4MRjiPij8GWH5FB44pjCE28AcKeeyJ5Y,1000000000,TRUE,4HociLNJF8QLKBY8QQiry1wswFMTV7teu2zypg4bAkN4wUw4CSuLjuNUJ2gX2Qd8R9ZY9542PBtJQrLxLUshsmY9,9834006
2025-02-14 21:52:28,buyToken,Amb2FADwJsJLUjoW8MhbKJM7trYk8wX4o2fuWavfGcro,40000000000,TRUE,2joy4FJCSaK1nMti9PSNjwKXpNaKCqfHf7JHPS8ovxLoWUaVJQvNaVX2fjmqMP4FUKr1FJ4NicEwccYXpGfN8Vjh,9834006
2025-02-14 21:41:52,buyToken,DByDJBEUEX8JTixsz4XZQ1XtricKHmRTv8YXTmteNwwe,8000000000,TRUE,4osbxtvcteChFmipUpfXS8UdV1v7x4qcY63XYnZNgJkraAzt12Amzvaxd517hGsAeNDekUNznQxPFgJmRjWmgxDV,0
2025-02-14 20:08:09,buyToken,By4fxXmgmqRExQEDHo2xna4qdPk6YZytdrB7CqSZCXX3,1600000000,TRUE,2DPBk8x8cWzbv9eLESpvpdeVw6y6QMPeBeUkvCEvfnBZh1un4MawiRvfd3YocCsFyNEmEwsF4UqsqiTdqQRGjxA4,9834006
2025-02-14 19:30:07,buyToken,231NmhXf6yKjtPyqRiPV2CANMo5xrbi4QyK4TXxhmU8b,8000000000,TRUE,3mrJyLK1UURXFWYjFHD6SUhEyrusxiGqwfdd67bckN1qFekPAW6xXXLbRuYrCuTTp8uHQ3y7tkCeB9xhWJJ4jUr4,9834006
2025-02-14 19:21:22,buyToken,Aysy3FkBpYjg1di6jWWF7Y3AcFeECacYDBnVMc7nSep1,1000000000,TRUE,4AkmfB3QCJ9kKHRKZKjPUuE6bYjB57qDivZnvyRgJKDUT5TDsS1NvF9xQTvFw6exeHWRn3JZQS7BbE1tKHLxH9Tz,9834006
2025-02-14 19:15:31,buyToken,7XMy2zVwRKykPvn35ouYLuwUUFngQP55cF5kmmwbPeak,3887000000,TRUE,TH8VyKcfceVNnJzepH3apMykaj8RY2NQHsGpaRN8YGGDyWgpDxA9vz7vVvLBuoYPMXASRgEFv5kS97FZnfuyhLM,9834006
2025-02-14 19:02:26,buyToken,7XMy2zVwRKykPvn35ouYLuwUUFngQP55cF5kmmwbPeak,406000000000,TRUE,4fm5ChJQ2ZPvnxvNh3WuPV4b3GKjEQpdciYxiAZJv5oTHn6PZbDAkVBTyHRFnWDL6oZehnjRWcAoLm63KLvBEuAg,9834006
2025-02-14 18:53:52,buyToken,ETiByw5Fd1XKgypE75Z5Lw3jnCM9gDiVG76Xwr8tWq8M,41400000000,TRUE,2y3F85cKytzpVa8RQSXVVKYPtazS3vha8sW3sfZaYVLBwSehFarvWXRcEE7md7fwHSFYU7TA4bhcNBYinGE2caoK,9834006
2025-02-14 18:41:06,buyToken,4heNqwxej891NToEQnbrupfw12j4YzoJKyuhRrHyedad,3400000000,TRUE,49NVdLSo2tpiPopvY4p9PbXNaJZ61Hb8rbN67TZTF9L6PFAkYmsYLhDXFwi5rsJWSDM67N1UuUxcfDTGPxtkiuux,0
2025-02-14 18:30:27,buyToken,6BxcC8NGAFiwFB6VWhtzJasXSnLunioWAUAW2dxjcj9D,2500000000,FALSE,2pfoPgWojcteaWEuvRCYEBWMJHLKnGpSmKqJ2uxAPDf1JaEApyKZJ53eNMozFFuiKeqJpThmEq1rx2PW1yjAPx1F,6665538
2025-02-14 18:20:40,buyToken,6BxcC8NGAFiwFB6VWhtzJasXSnLunioWAUAW2dxjcj9D,6500000000,FALSE,3bDjJHmrixc2DywMmfsVABmWddteTEMWD6aB918p1vPJtB5gePcbBrhYQQdXvPsAXQ5YA5rNZ3QTczkHQCzhcgHN,6665538
2025-02-14 18:19:13,buyToken,6BxcC8NGAFiwFB6VWhtzJasXSnLunioWAUAW2dxjcj9D,30000000000,FALSE,x62HaLw29mL8Bv4qUWsmD8AyvMo83AGav5b6qRXcqQ8i8G6LvDG7cGtkMdvyL62Th14p79PgpSH6WWBJPLkKCmW,6665538
2025-02-14 18:18:14,buyToken,FDVkmJ9pqJSuo18cLXCgsEN1YKJU3773zeEBySNM6vpG,10000000000,TRUE,pn2RJ5LvNpyECByKtkFszCWT3EM2y71LvyMqh5usgwV28odDQisXEbpiqTjHzgYz34Cy4VxS63N8jvexyKaTEdp,9834006
2025-02-14 18:13:58,buyToken,6BxcC8NGAFiwFB6VWhtzJasXSnLunioWAUAW2dxjcj9D,3000000000,FALSE,2rPHSjX3cTkiEro4qdiygNbRYDjh6xbgRnBukryGpPFGbDDa9M4ebfR7xZNbkK3Myy3rfVy4EVqbzid8MEvJzXVT,6665538
2025-02-14 18:12:20,buyToken,By4fxXmgmqRExQEDHo2xna4qdPk6YZytdrB7CqSZCXX3,3900000000,TRUE,5N6jNbM4Rk9ckHB21eMUQYrfJMA7r27ZY3t9TWDmYBmfqd2wyeqsM8HCuL6VcjRGvZ4kfxQkpyPQHCpGaAsaHEak,9834006
2025-02-14 18:11:25,buyToken,FDVkmJ9pqJSuo18cLXCgsEN1YKJU3773zeEBySNM6vpG,1000000,TRUE,3QHHQCMRTowBpHVN6j2YGm7HZgKzApQB44xxd2Rq4hMR4xCGtwzGLBtwuPhTjpq6uxrDJigjvo8QenouSEhDYa9x,9834006
2025-02-14 18:06:45,buyToken,BQonEtdhskqbkCnYhmShUVGq6CJB98S4WsBtkUpJFnqn,48000000000,TRUE,oBp6WewdgPW5KVNq9kW37ZLVh3VhtMKM5h8pa1PuBcpoYPE3XXaXzC19th1v1mHyF7ta46uJLhcLfVj7ap2s6DS,9834006
2025-02-14 17:59:59,buyToken,DhHf5AVbSJfGz7NNgNPeRUhbedrjwK6DcjMftVw11PUT,500000000,TRUE,5FJnSaeTFFGd6E5CJ5raasArPrMjvnUQGK64RysgwtJgNzRYbBzBsE6RsuHZgnmGZooyG53X6dq1yshK7mSM3vsM,6665538
2025-02-14 17:55:53,buyToken,E5GmpxoQdhe2L3t8svqvLB94UiTdKL7Mpi8RPi69FWRp,20000000000,TRUE,2Yj96US9JQw12eCfbdYKBLjTQzzYaQnXXzpvHFaDSqSAJLQLiuuvUL3ZKgsKWWtnAcUpwvLj5vrkFx9129tDhcfZ,9834006
2025-02-14 17:55:13,buyToken,DhHf5AVbSJfGz7NNgNPeRUhbedrjwK6DcjMftVw11PUT,56000000000,TRUE,48HbooKxXeEVnoNw4PKaGCwYmNqK1UXCjXU17RfgYwp97t6bKQNoivbQoNYZB25G3KF22RGAKpH2XKyXrLhaU7H4,6665538
2025-02-14 17:52:38,buyToken,9G4ZnA2ZoBKh6AsVQFPxkTLKGd4XL7zYvEa6fxGxqim7,1000000000,TRUE,65vkxMLKx49b9e1ytcEtSdaA7h1m2i3NRgd9SrHzaRfrsnaWbbJcQovSZXAEWqrTUXjEJ1YW4cBfNgT6ghmrPo1N,9834006
2025-02-14 17:52:13,buyToken,9G4ZnA2ZoBKh6AsVQFPxkTLKGd4XL7zYvEa6fxGxqim7,2000000000,TRUE,4Csb8RjPRFgg1mcRcyMy1wJnd4QHLGdVL4i9xte6HvfjkVx79Zf2V8S398z8o6pSsiCErieu1NK5J6QX5Wga6hbz,9834006
2025-02-14 17:51:50,buyToken,9G4ZnA2ZoBKh6AsVQFPxkTLKGd4XL7zYvEa6fxGxqim7,9000000000,TRUE,5zp2RPQtzg5zRMdtGCJFniLU3Y29BhinjJfCcPCitYnWnmDZpKXQP91HkjhzZcSadd6eWQiMMbzTSCAJrH4kQ4Ny,9834006
2025-02-14 17:51:22,buyToken,9G4ZnA2ZoBKh6AsVQFPxkTLKGd4XL7zYvEa6fxGxqim7,7000000000,TRUE,3HMrRzEqTkikDVxgTK8uJGh42CoNvU2kCHGjGvVpUnVpwMsdhdo5fdQ5X6EB1LqLNCB6cafewNG2HnP4ux1UacGV,9834006
2025-02-14 17:49:47,buyToken,9G4ZnA2ZoBKh6AsVQFPxkTLKGd4XL7zYvEa6fxGxqim7,2000000,TRUE,2PhbzMASVx5YeexFJf9UyijAcfo6csodS6TzmmrFPeq22ZdkwSWLGqknW3LcF6eCxjk3uZfHeEQy5irvwuQz2TKp,9834006
2025-02-14 17:49:38,buyToken,9G4ZnA2ZoBKh6AsVQFPxkTLKGd4XL7zYvEa6fxGxqim7,2000000,TRUE,4yvbWm4b1ynZGEFCDpFg56x8cey5sJfbKbM23PPoDja1eRw38BCt7Ck6EFzGMP9u9ZqPfxKUAMtdhxjZ5PeghJFg,9834006
2025-02-14 17:48:53,buyToken,9G4ZnA2ZoBKh6AsVQFPxkTLKGd4XL7zYvEa6fxGxqim7,400000000,TRUE,3kgxMNsXMzMZgqpsTiZ7LTY54ui3tp3pZH6S8RmcDqrrB6jRjvthFS5WH4n9a42Md2gV2LZoafcJCXom26xNP7L7,9834006
2025-02-14 17:44:46,buyToken,9G4ZnA2ZoBKh6AsVQFPxkTLKGd4XL7zYvEa6fxGxqim7,400000000,TRUE,2KdwtmTMLnePTC21ex1MG7my4ek8NUMdMzRPwPJsFSPyRhjuSkT6Swwozuq4z74neEC9yixHmPskVPnEhFJFFXom,9834006
2025-02-14 17:32:42,buyToken,DByDJBEUEX8JTixsz4XZQ1XtricKHmRTv8YXTmteNwwe,1000000000,TRUE,5mAKGSKZX7o8d9PggEYKNsx9MwUqC4gnJuPJEKVSwTZw6XPKwp8PC9T4AiTunkbmES6be75KyuV4ome7Y1XRzemz,0
2025-02-14 17:32:27,buyToken,DByDJBEUEX8JTixsz4XZQ1XtricKHmRTv8YXTmteNwwe,1000000000,TRUE,3qVXmF5QytQCE1781agysM6xZChzDD8tphtS6LDxwBd1gpwsQtE5fFDyNGKNfbRfs4K32wPoSQeEdS7xfvqorxoL,0
2025-02-14 17:32:19,buyToken,BJD3B11TqeSnpUqBYJGwzaCG9WV2qQ5axAncyGpowXMh,14000000000,TRUE,32VUD4XahuSMzomPStTAhCLjZzUfnaCvB1oQeJRWwjaufkpD2SxAACQR8zGtyuyNVB9mcUv2hDE5KM9GQ1RhJfuy,9834006
2025-02-14 17:32:03,buyToken,DByDJBEUEX8JTixsz4XZQ1XtricKHmRTv8YXTmteNwwe,2500000000,TRUE,5kgQc6CAZ8W3NYgaP7PaV2z1ciJUZ7gfLqK3rxduEvmUoDAcnH5ZPu2zqzS3Y5FZc3TzBfZr4ZVBtcEuUVNdUe4F,0
2025-02-14 17:31:48,buyToken,DByDJBEUEX8JTixsz4XZQ1XtricKHmRTv8YXTmteNwwe,2500000000,TRUE,5YiAZf52Y7d4vax5xG6y42Vnu1ewW2rB53XegUg9SoCqYpQTc8AQP5TipCNTsAPvsHuyQetTdryMYq4zsNgpRG8B,0
2025-02-14 17:31:19,buyToken,DByDJBEUEX8JTixsz4XZQ1XtricKHmRTv8YXTmteNwwe,1000000000,TRUE,5Zt8swo11QNTLq5AJha3aTqDRRiSiHNvgbHr1zAWusqMef58XDT9paVsdKfDoBS5ihnU8vJdaH55M3hxKKm1nc5d,0
2025-02-14 17:26:48,buyToken,DhHf5AVbSJfGz7NNgNPeRUhbedrjwK6DcjMftVw11PUT,2500000000,TRUE,5tj4DyB2bj3VXdzP2hcuwC1djxVvo78PejRSbFtGBQc9xrKmA4MQjiqXWS9dUqxhMuAeU1NPQU62CncRcfKZ5VAn,6665538
2025-02-14 17:24:55,buyToken,8mQhYhzZS9d42RE6coKwqL78fpPyoqRN4MaPHzWSMXto,65400000000,TRUE,5HkYYGJVZ599YLi6Jumv45PtmSSpReaf5nPYAnWmPL6wLayCwfaDxCwVnDrymJqzudMGQVbsbUbVsimBiwTcemtS,0
2025-02-14 17:24:20,buyToken,DhHf5AVbSJfGz7NNgNPeRUhbedrjwK6DcjMftVw11PUT,58000000000,TRUE,4A7xEqUQZbUutbxGcyD6SwPoniu6pSYV4k2XLdbyWBvhvaEwRCqTXUBz8Bw9biDpU6buWzUqhtjFwaaoXimuw4hN,6665538
2025-02-14 17:23:52,buyToken,BQUdBRy2rmzPoEFmFjJJia4ib9DiE5rALqUN6sC7fr6M,46500000000,TRUE,4XQDXLDeorpD33rSv8UXWHj5LPyTQ55GJJb7u1yHZHwtDCTdQxS8xQG3AFEMZpiukKNtM7ZEbErD5zzrLp4ruCmn,0
2025-02-14 17:19:09,buyToken,CHYgWu8geqUtQjZSnxhnoo87yh25cuXMqMcBnoRYLXWM,80000000000,TRUE,2Y1qftJKuUMgHnihJnZEVtWwA5mVS7bMLEqv8NCDLKYtLPpWeRKEgUc6eWpjpwRttTKSgXxASz8LPCFet942Vpor,0
2025-02-14 17:17:02,buyToken,2epAbhgHp7yCjYiTuNYB44snWsmoTKSdf1T5oVg6Az6n,80000000000,TRUE,32rGFwqtkqvk9iZNQZRfcnrqAqByafEUxMWhQ6cBnZTv8eGyT5FK5Xs3gHLvGdhsE936p8NMdskzdUXD7ddWAqxZ,0
2025-02-14 17:16:44,buyToken,EDuoypWP6bwM9vgc8QWnG3Wta6JgCZ9T7yJcdaL7srNk,160000000000,TRUE,4bJ7RNQf5W8K5tKyDKbm9m421t8MDxNyn9y8dPCJc93srZotFP9fQiwsAJgqW4iAMahgRvYieEmjdYPEkGXsrfkd,6665538
2025-02-14 17:13:30,buyToken,EDuoypWP6bwM9vgc8QWnG3Wta6JgCZ9T7yJcdaL7srNk,4200000000,TRUE,2exwVEk4uvP4NGnbF8d37yms8JxotsQjF2KxkJvE6gygU7mpqJm1v6Eq3LKmB1fK6TLdE66MfxszFZdGnsQDzKoD,0
2025-02-14 17:11:29,buyToken,3mXDiXAQ712mKgHzbSNBYcBik9oEt8gq43q6BCmiWrdj,1000000000,TRUE,4WXk1oA5Yy7LgZZkivx4F21xf5hk9iVdpnqGGe29PvCoyBv7joT9v3cD5afumo1pHnZcSVkEnkxFXwDBcWmBneJN,0
2025-02-14 00:22:48,buyToken,3mXDiXAQ712mKgHzbSNBYcBik9oEt8gq43q6BCmiWrdj,50000000,FALSE,2gf3MELckaHTjpQRfrRmG1wzi5uiwEJPrC48XLwfRVePNM5FA5JZvGYy3DWG2qGWyZZCWWR9qGJ5iwYpqtc6hDU5,0
2025-02-14 00:16:25,buyToken,3mXDiXAQ712mKgHzbSNBYcBik9oEt8gq43q6BCmiWrdj,25000000,TRUE,hcAKioGqFnqu8jXtxtCVKHEoDdAkEMBe9hk9cqkvUENCRB4zwU4W4KogsiZ2JkzQyFKisB7k9zqsJHgnynU6NNu,0
2025-02-14 00:16:21,buyToken,3mXDiXAQ712mKgHzbSNBYcBik9oEt8gq43q6BCmiWrdj,25000000,TRUE,52RkwQPxU85i2VgZkfkoswMWH5SfMz1aGRnmW6GmYJuwAFFtHz9NKngpfgkJy9tht31oDQiDk4r4iX5C9Qer5rt9,0